variant,split,model,status,spearman,pearson,kendall,rmse,mae,r2,fold_spearman_mean,fold_spearman_std,folds,members,n_eval,sensitivity_auroc,sensitivity_auprc
legacy_rich_valid_smiles_only,drug_group_4fold,weighted_top3_ensemble,completed,0.7317270257491331,0.7444394667064651,0.5416442125453708,1.9367683628955379,1.4371246099472046,0.5505421884208261,,,[],"[{'model': 'extratrees', 'spearman': 0.7287978012839451, 'weight': 0.3389032185077667}, {'model': 'randomforest', 'spearman': 0.7220931584217252, 'weight': 0.335785448551178}, {'model': 'xgboost', 'spearman': 0.6995690392977484, 'weight': 0.3253113627433777}]",6259,0.8746454408637726,0.8128460957297738
legacy_rich_valid_smiles_only,random_4fold,weighted_top3_ensemble,completed,0.9091375092307958,0.9348774268847061,0.7486274063169411,1.0305028000210068,0.764743983745575,0.8727575686010699,,,[],"[{'model': 'lightgbm', 'spearman': 0.9078624877691304, 'weight': 0.3350515067577362}, {'model': 'xgboost', 'spearman': 0.9040885281603633, 'weight': 0.33365872502326965}, {'model': 'flat_mlp', 'spearman': 0.8976696995013854, 'weight': 0.33128979802131653}]",6259,0.9597381765427665,0.9339541309494472
legacy_rich_valid_smiles_only,scaffold_group_4fold,weighted_top3_ensemble,completed,0.7062768105364481,0.694082084994477,0.5143445967615213,2.1092859320026616,1.5162878036499023,0.46690510143389197,,,[],"[{'model': 'extratrees', 'spearman': 0.6943788012501034, 'weight': 0.3358984887599945}, {'model': 'randomforest', 'spearman': 0.6906392301523117, 'weight': 0.3340895175933838}, {'model': 'xgboost', 'spearman': 0.6822099712568176, 'weight': 0.3300119638442993}]",6259,0.8609770096391667,0.7876687359356866
