variant,split,model,status,spearman,pearson,kendall,rmse,mae,r2,fold_spearman_mean,fold_spearman_std,folds,members,n_eval,sensitivity_auroc,sensitivity_auprc
legacy_rich_valid_smiles_only,drug_group_4fold,weighted_top3_ensemble,completed,0.5590044284710434,0.5946989901590116,0.3965182491892044,2.2048803600629134,1.6738812923431396,0.35310015934649364,,,[],"[{'model': 'randomforest', 'spearman': 0.5391130842091546, 'weight': 0.3396286368370056}, {'model': 'extratrees', 'spearman': 0.5298421546811789, 'weight': 0.333788126707077}, {'model': 'lightgbm', 'spearman': 0.5184054373492809, 'weight': 0.32658326625823975}]",2590,0.7816290914801899,0.6894933802913785
legacy_rich_valid_smiles_only,random_4fold,lightgbm,completed,0.8680302156081477,0.9000367398583912,0.6909160052103029,1.1955902175908968,0.9117901921272278,0.8097907085462452,0.8671014438750935,0.0129142797893333,"[{'fold': 1, 'n_train': 1942, 'n_valid': 648, 'spearman': 0.8664081464764355, 'pearson': 0.8938716353955597, 'kendall': 0.6885120776441569, 'rmse': 1.2249534890045026, 'mae': 0.9335575699806213, 'r2': 0.798720110952977}, {'fold': 2, 'n_train': 1942, 'n_valid': 648, 'spearman': 0.8687033445325341, 'pearson': 0.9062180372510147, 'kendall': 0.6916095609089075, 'rmse': 1.1417105225448936, 'mae': 0.8803309798240662, 'r2': 0.8200436858131219}, {'fold': 3, 'n_train': 1943, 'n_valid': 647, 'spearman': 0.8848632746970281, 'pearson': 0.908831967308097, 'kendall': 0.7121316530350165, 'rmse': 1.1846878987168004, 'mae': 0.9062577486038208, 'r2': 0.82527882717638}, {'fold': 4, 'n_train': 1943, 'n_valid': 647, 'spearman': 0.8484310097943761, 'pearson': 0.8917289441730274, 'kendall': 0.6734919465900839, 'rmse': 1.2289547279530497, 'mae': 0.9270296692848206, 'r2': 0.7932829220756852}]",,2590,0.9428343586855275,0.8991425512107046
legacy_rich_valid_smiles_only,scaffold_group_4fold,weighted_top3_ensemble,completed,0.5434625925630177,0.5477331151462577,0.3846151781780143,2.320193406462033,1.7241768836975098,0.28366631245165264,,,[],"[{'model': 'randomforest', 'spearman': 0.5127332936018639, 'weight': 0.35406923294067383}, {'model': 'residual_mlp', 'spearman': 0.4679742696438129, 'weight': 0.3231607675552368}, {'model': 'xgboost', 'spearman': 0.46740838121533224, 'weight': 0.32276999950408936}]",2590,0.780554434828759,0.6719501562208864
