variant,split,model,status,spearman,rmse,fold_spearman_mean,fold_spearman_std,folds,members,pearson,kendall,mae,r2,n_eval,sensitivity_auroc,sensitivity_auprc
legacy_rich_valid_smiles_only,drug_group_4fold,weighted_top3_ensemble,completed,0.5822699088271941,2.1715967013764215,,,[],"[{'model': 'randomforest', 'spearman': 0.54928936691999, 'weight': 0.33450761437416077}, {'model': 'flat_mlp', 'spearman': 0.5470659865454175, 'weight': 0.3331536054611206}, {'model': 'xgboost', 'spearman': 0.5457279791493798, 'weight': 0.33233878016471863}]",0.6211239584620828,0.4188454277253645,1.637776494026184,0.385186108223464,6219,0.7995863341648306,0.6929151623219292
legacy_rich_valid_smiles_only,random_4fold,lightgbm,completed,0.889265603098694,1.0548596277003977,0.8893352766694009,0.0050219459389404,"[{'fold': 1, 'n_train': 4664, 'n_valid': 1555, 'spearman': 0.8918673151652624, 'rmse': 1.0050564718749464}, {'fold': 2, 'n_train': 4664, 'n_valid': 1555, 'spearman': 0.89151104700381, 'rmse': 1.0722273244774823}, {'fold': 3, 'n_train': 4664, 'n_valid': 1555, 'spearman': 0.8932524501747972, 'rmse': 1.0472931098105966}, {'fold': 4, 'n_train': 4665, 'n_valid': 1554, 'spearman': 0.8807102943337342, 'rmse': 1.0928562327255604}]",,0.9252255541724886,0.7227031109289068,0.8105451464653015,0.8549309959307798,6219,0.9537553869374047,0.9163307982171393
legacy_rich_valid_smiles_only,scaffold_group_4fold,weighted_top3_ensemble,completed,0.5775226464184652,2.2475115472583926,,,[],"[{'model': 'xgboost', 'spearman': 0.5654418448913169, 'weight': 0.33775243163108826}, {'model': 'randomforest', 'spearman': 0.5549905519606598, 'weight': 0.3315095901489258}, {'model': 'lightgbm', 'spearman': 0.5536987098312441, 'weight': 0.3307379484176636}]",0.5864163864638432,0.41202915099027143,1.681937575340271,0.3414493504162236,6219,0.8009792335989596,0.6564941351454674
