variant,split,model,status,spearman,pearson,kendall,rmse,mae,r2,fold_spearman_mean,fold_spearman_std,folds,members,n_eval,sensitivity_auroc,sensitivity_auprc
legacy_rich_valid_smiles_only,drug_group_4fold,weighted_top3_ensemble,completed,0.6555536995237142,0.6641084719821767,0.47779466837303836,2.147766452375061,1.6206942796707153,0.43568240114817514,,,[],"[{'model': 'randomforest', 'spearman': 0.6388280933409972, 'weight': 0.3363722264766693}, {'model': 'extratrees', 'spearman': 0.6376946126315075, 'weight': 0.33577537536621094}, {'model': 'xgboost', 'spearman': 0.6226476085427163, 'weight': 0.3278524577617645}]",8409,0.8299282255638002,0.7413872329157958
legacy_rich_valid_smiles_only,random_4fold,weighted_top3_ensemble,completed,0.8691712044601777,0.9028648744340896,0.6949027720461328,1.2407201581537228,0.9236924648284912,0.8116796879499986,,,[],"[{'model': 'lightgbm', 'spearman': 0.8680040306294416, 'weight': 0.336300790309906}, {'model': 'xgboost', 'spearman': 0.8589730817639724, 'weight': 0.33280184864997864}, {'model': 'flat_mlp', 'spearman': 0.8540576164276562, 'weight': 0.33089739084243774}]",8409,0.9399931803790985,0.9009332419701703
legacy_rich_valid_smiles_only,scaffold_group_4fold,weighted_top3_ensemble,completed,0.6679037712432737,0.7149903707847977,0.49148557906147017,2.037857108620182,1.5643577575683594,0.4919610472700032,,,[],"[{'model': 'extratrees', 'spearman': 0.6529561462662641, 'weight': 0.34248360991477966}, {'model': 'xgboost', 'spearman': 0.6269673115168239, 'weight': 0.32885217666625977}, {'model': 'flat_mlp', 'spearman': 0.6266089603656347, 'weight': 0.32866421341896057}]",8409,0.8331350561443577,0.7603248072151934
