lincs_condition,source,cell_filter,lincs_drugs,lincs_signatures,best_random_spearman,best_drug_group_spearman,best_scaffold_spearman
all_cell_lincs,GSE70138,all,120,17978,0.9126542420587028,0.7122775228817722,0.7060637634478363
gse70138_yapc_only,GSE70138,explicit (YAPC),85,1147,0.9110021673903512,0.6409766872554439,0.6298134019846726
cmap2020_yapc_only,CMap/LINCS2020,explicit (YAPC),116,2568,0.9052430530868688,0.6886517158135038,0.6529549740564397
no_lincs,none,none,0,0,0.9106518808763724,0.4988797633374033,0.4633882549324007
