variant,split,model,status,spearman,pearson,kendall,rmse,mae,r2,fold_spearman_mean,fold_spearman_std,folds,members,n_eval,sensitivity_auroc,sensitivity_auprc
legacy_rich_valid_smiles_only,drug_group_4fold,weighted_top3_ensemble,completed,0.5768402839261534,0.6141910004414614,0.41452650597296287,2.186226065119158,1.6478737592697144,0.3768746342887601,,,[],"[{'model': 'flat_mlp', 'spearman': 0.5559867253202707, 'weight': 0.34149035811424255}, {'model': 'randomforest', 'spearman': 0.5379678410805796, 'weight': 0.3304230868816376}, {'model': 'xgboost', 'spearman': 0.5341637817188954, 'weight': 0.32808658480644226}]",6219,0.7974145733642637,0.6891334817477581
legacy_rich_valid_smiles_only,random_4fold,weighted_top3_ensemble,completed,0.8887093411523829,0.9248719667783523,0.7211519516528231,1.0672619080190826,0.827174961566925,0.8514996960815147,,,[],"[{'model': 'lightgbm', 'spearman': 0.8874658387436695, 'weight': 0.3361963629722595}, {'model': 'xgboost', 'spearman': 0.8809897408105439, 'weight': 0.33374303579330444}, {'model': 'flat_mlp', 'spearman': 0.8712691403116628, 'weight': 0.33006060123443604}]",6219,0.9549647179865473,0.9185155469340403
legacy_rich_valid_smiles_only,scaffold_group_4fold,weighted_top3_ensemble,completed,0.5757928579258659,0.5865900036568017,0.41039755801271416,2.247697393725629,1.6866294145584106,0.34134041557727657,,,[],"[{'model': 'xgboost', 'spearman': 0.5587165000639226, 'weight': 0.33622244000434875}, {'model': 'lightgbm', 'spearman': 0.5537019875503886, 'weight': 0.33320486545562744}, {'model': 'randomforest', 'spearman': 0.5493280761192174, 'weight': 0.3305727243423462}]",6219,0.8000766789288245,0.6573822829160891
