variant,split,model,status,spearman,pearson,kendall,rmse,mae,r2,fold_spearman_mean,fold_spearman_std,folds,members,n_eval,sensitivity_auroc,sensitivity_auprc
legacy_rich_valid_smiles_only,drug_group_4fold,extratrees,completed,0.7429728016939805,0.7570066489584314,0.5551842590228955,1.9387740591537503,1.4612208604812622,0.5682334872025158,0.7428072266177806,0.0118320932713306,"[{'fold': 1, 'n_train': 9791, 'n_valid': 3257, 'spearman': 0.7495553431350216, 'pearson': 0.7880546921770899, 'kendall': 0.5606974006281545, 'rmse': 1.8496435337477366, 'mae': 1.448877215385437, 'r2': 0.5972827950217066}, {'fold': 2, 'n_train': 9786, 'n_valid': 3262, 'spearman': 0.7367658691156324, 'pearson': 0.7950110071253836, 'kendall': 0.5544660530767818, 'rmse': 1.4744948993231148, 'mae': 1.1800758838653564, 'r2': 0.6241895477200261}, {'fold': 3, 'n_train': 9787, 'n_valid': 3261, 'spearman': 0.7579087636996911, 'pearson': 0.7459058740083566, 'kendall': 0.5678214636710309, 'rmse': 2.2844746412680266, 'mae': 1.7088944911956787, 'r2': 0.533962119827676}, {'fold': 4, 'n_train': 9780, 'n_valid': 3268, 'spearman': 0.7269989305207774, 'pearson': 0.7402310422922385, 'kendall': 0.5409679535461379, 'rmse': 2.054341798426436, 'mae': 1.5070083141326904, 'r2': 0.5412999479720582}]",,13048,0.8794940208094695,0.828560593460957
legacy_rich_valid_smiles_only,random_4fold,weighted_top3_ensemble,completed,0.8978265527219466,0.9215589217443996,0.730278871738479,1.154413465882381,0.8743547797203064,0.8469204031260731,,,[],"[{'model': 'lightgbm', 'spearman': 0.8964795926200486, 'weight': 0.33486029505729675}, {'model': 'flat_mlp', 'spearman': 0.8927047581101164, 'weight': 0.3334502875804901}, {'model': 'xgboost', 'spearman': 0.8879907369542175, 'weight': 0.3316894471645355}]",13048,0.9513894466556033,0.92137762112782
legacy_rich_valid_smiles_only,scaffold_group_4fold,weighted_top3_ensemble,completed,0.7146537611547176,0.7373222901660247,0.5283300879427294,2.020549347839152,1.515019416809082,0.5310424589701188,,,[],"[{'model': 'extratrees', 'spearman': 0.7137831680142304, 'weight': 0.3400745391845703}, {'model': 'randomforest', 'spearman': 0.7111090399523539, 'weight': 0.33880048990249634}, {'model': 'xgboost', 'spearman': 0.674009755314953, 'weight': 0.3211249113082886}]",13048,0.8668615314784311,0.8106221082829768
