variant,split,model,status,spearman,pearson,kendall,rmse,mae,r2,fold_spearman_mean,fold_spearman_std,folds,members,n_eval,sensitivity_auroc,sensitivity_auprc
legacy_rich_valid_smiles_only,drug_group_4fold,weighted_top3_ensemble,completed,0.6892873083770474,0.6943500278781606,0.5033831649786958,2.075179572550602,1.5467216968536377,0.47318165537955736,,,[],"[{'model': 'extratrees', 'spearman': 0.668704399831842, 'weight': 0.3401338756084442}, {'model': 'randomforest', 'spearman': 0.6528772189298282, 'weight': 0.33208346366882324}, {'model': 'flat_mlp', 'spearman': 0.6444218984809794, 'weight': 0.32778269052505493}]",8409,0.8539837281784072,0.7816836783515742
legacy_rich_valid_smiles_only,random_4fold,lightgbm,completed,0.8706943723460154,0.9044178515769342,0.6971454919177767,1.222739853605681,0.9093616008758545,0.8170983237566561,0.8706949303163487,0.0038138286577008,"[{'fold': 1, 'n_train': 6306, 'n_valid': 2103, 'spearman': 0.8765922693104672, 'pearson': 0.9115499820790943, 'kendall': 0.7059936536401311, 'rmse': 1.2065854036162496, 'mae': 0.9145421385765076, 'r2': 0.8289820234706123}, {'fold': 2, 'n_train': 6307, 'n_valid': 2102, 'spearman': 0.8693031292163544, 'pearson': 0.9030745437839679, 'kendall': 0.694474239520346, 'rmse': 1.2120424705183688, 'mae': 0.8964473605155945, 'r2': 0.8146802457020015}, {'fold': 3, 'n_train': 6307, 'n_valid': 2102, 'spearman': 0.8708207641892217, 'pearson': 0.9049632057790378, 'kendall': 0.698699559575807, 'rmse': 1.2509119998373088, 'mae': 0.9220196604728699, 'r2': 0.8178085147053831}, {'fold': 4, 'n_train': 6307, 'n_valid': 2102, 'spearman': 0.866063558549351, 'pearson': 0.8975127546346495, 'kendall': 0.6902396250362511, 'rmse': 1.220948022309366, 'mae': 0.9044347405433655, 'r2': 0.8053272468414281}]",,8409,0.9405567794396852,0.9018036975319702
legacy_rich_valid_smiles_only,scaffold_group_4fold,weighted_top3_ensemble,completed,0.7036201229069355,0.7413475158565322,0.5214302908106745,1.9691161163445459,1.4940792322158813,0.525657317206091,,,[],"[{'model': 'extratrees', 'spearman': 0.6749344942573993, 'weight': 0.3353458642959595}, {'model': 'flat_mlp', 'spearman': 0.6720712488423695, 'weight': 0.33392325043678284}, {'model': 'randomforest', 'spearman': 0.6656459863052282, 'weight': 0.3307307958602905}]",8409,0.8547030184552065,0.7915616554167274
