variant,split,model,status,spearman,pearson,kendall,rmse,mae,r2,fold_spearman_mean,fold_spearman_std,folds,members,n_eval,sensitivity_auroc,sensitivity_auprc
legacy_rich_valid_smiles_only,drug_group_4fold,weighted_top3_ensemble,completed,0.7122775228817722,0.7489565603432199,0.5278612792891678,2.0121563778013893,1.543427586555481,0.5550481378519894,,,[],"[{'model': 'extratrees', 'spearman': 0.7060073656782032, 'weight': 0.3389955461025238}, {'model': 'randomforest', 'spearman': 0.7026925303100157, 'weight': 0.33740389347076416}, {'model': 'xgboost', 'spearman': 0.6739450054295254, 'weight': 0.32360053062438965}]",4110,0.8602250735447549,0.8142449469589259
legacy_rich_valid_smiles_only,random_4fold,lightgbm,completed,0.9126542420587028,0.9355625636855244,0.753009428512878,1.0664941101770025,0.8184152245521545,0.8750010229056425,0.9130373803671192,0.0035682749977441,"[{'fold': 1, 'n_train': 3082, 'n_valid': 1028, 'spearman': 0.9068599091906284, 'pearson': 0.93372306118036, 'kendall': 0.7452133373203286, 'rmse': 1.0702318592739521, 'mae': 0.8249725699424744, 'r2': 0.8712468951811374}, {'fold': 2, 'n_train': 3082, 'n_valid': 1028, 'spearman': 0.9149552345145316, 'pearson': 0.9388065848736239, 'kendall': 0.7568449229604887, 'rmse': 1.0363190076465045, 'mae': 0.7902922034263611, 'r2': 0.8806433583516942}, {'fold': 3, 'n_train': 3083, 'n_valid': 1027, 'spearman': 0.9152643036430943, 'pearson': 0.9352035395921533, 'kendall': 0.7598700944225644, 'rmse': 1.0617220779602574, 'mae': 0.8117510080337524, 'r2': 0.8745206788002315}, {'fold': 4, 'n_train': 3083, 'n_valid': 1027, 'spearman': 0.9150700741202219, 'pearson': 0.9354012509816975, 'kendall': 0.7552337648823232, 'rmse': 1.096852561525549, 'mae': 0.8466663360595703, 'r2': 0.8735825146727013}]",,4110,0.9622730239066483,0.9426244807039289
legacy_rich_valid_smiles_only,scaffold_group_4fold,weighted_top3_ensemble,completed,0.7060637634478363,0.7406011342518817,0.5247413025065112,2.0374460646154637,1.5331062078475952,0.5437931365087815,,,[],"[{'model': 'lightgbm', 'spearman': 0.6967177702186425, 'weight': 0.33794063329696655}, {'model': 'xgboost', 'spearman': 0.6893417170280371, 'weight': 0.3343628942966461}, {'model': 'extratrees', 'spearman': 0.6755980197954943, 'weight': 0.3276965618133545}]",4110,0.8602159955238964,0.8144852034755884
