variant,split,model,status,spearman,pearson,kendall,rmse,mae,r2,fold_spearman_mean,fold_spearman_std,folds,members,n_eval,sensitivity_auroc,sensitivity_auprc
legacy_rich_valid_smiles_only,drug_group_4fold,weighted_top3_ensemble,completed,0.670837759829307,0.6765842787046847,0.49104835055630325,2.1150461326239296,1.58182692527771,0.45274564704683196,,,[],"[{'model': 'extratrees', 'spearman': 0.662791139729347, 'weight': 0.3412497639656067}, {'model': 'randomforest', 'spearman': 0.6472472278128754, 'weight': 0.33324670791625977}, {'model': 'xgboost', 'spearman': 0.6322080206825448, 'weight': 0.32550352811813354}]",8409,0.8425738086338462,0.7652753928507755
legacy_rich_valid_smiles_only,random_4fold,weighted_top3_ensemble,completed,0.8698996886761403,0.9030973416516554,0.6956967598301529,1.2388212067648512,0.9246165156364441,0.8122556702924241,,,[],"[{'model': 'lightgbm', 'spearman': 0.8679990646698147, 'weight': 0.3359171450138092}, {'model': 'xgboost', 'spearman': 0.8583887299860146, 'weight': 0.3321979343891144}, {'model': 'flat_mlp', 'spearman': 0.8575798663717872, 'weight': 0.3318849205970764}]",8409,0.9400650402805069,0.9005845856700064
legacy_rich_valid_smiles_only,scaffold_group_4fold,weighted_top3_ensemble,completed,0.6820591384126329,0.7266642527350906,0.5035971914995001,2.0001032325805097,1.5262101888656616,0.5106108378481593,,,[],"[{'model': 'extratrees', 'spearman': 0.6618603650993062, 'weight': 0.3415965139865875}, {'model': 'flat_mlp', 'spearman': 0.6451293164816779, 'weight': 0.33296138048171997}, {'model': 'xgboost', 'spearman': 0.6305603541820229, 'weight': 0.3254420757293701}]",8409,0.8436764355075768,0.7827340325639872
