variant,split,model,status,spearman,pearson,kendall,rmse,mae,r2,fold_spearman_mean,fold_spearman_std,folds,members,n_eval,sensitivity_auroc,sensitivity_auprc
legacy_rich_valid_smiles_only,drug_group_4fold,extratrees,completed,0.7026204295963799,0.7233468726250775,0.5198085895036645,2.051174743685208,1.5502454042434692,0.5167188161752176,0.7024249351589178,0.0267976635966158,"[{'fold': 1, 'n_train': 9791, 'n_valid': 3257, 'spearman': 0.6912833749014562, 'pearson': 0.7661358117650167, 'kendall': 0.5084393239537855, 'rmse': 1.937258736140153, 'mae': 1.544745922088623, 'r2': 0.558226816876997}, {'fold': 2, 'n_train': 9786, 'n_valid': 3262, 'spearman': 0.6971293054316177, 'pearson': 0.7465102653683762, 'kendall': 0.5165417015330674, 'rmse': 1.6122416917773459, 'mae': 1.282042145729065, 'r2': 0.5506936130888542}, {'fold': 3, 'n_train': 9787, 'n_valid': 3261, 'spearman': 0.7465962103745634, 'pearson': 0.7128010622776487, 'kendall': 0.5545663208917824, 'rmse': 2.4017310376864587, 'mae': 1.7934738397598267, 'r2': 0.48489317074727323}, {'fold': 4, 'n_train': 9780, 'n_valid': 3268, 'spearman': 0.6746908499280339, 'pearson': 0.7031256582655401, 'kendall': 0.5035849470364497, 'rmse': 2.169683654509231, 'mae': 1.580729603767395, 'r2': 0.48834616480468795}]",,13048,0.8602227002883637,0.8070002593813186
legacy_rich_valid_smiles_only,random_4fold,weighted_top3_ensemble,completed,0.8975836399661107,0.9214338087975754,0.7304774025463787,1.157505333395879,0.8795672655105591,0.8460993074388061,,,[],"[{'model': 'lightgbm', 'spearman': 0.8970792313302621, 'weight': 0.3353932797908783}, {'model': 'flat_mlp', 'spearman': 0.8906549384064263, 'weight': 0.33299142122268677}, {'model': 'xgboost', 'spearman': 0.88697409492423, 'weight': 0.33161526918411255}]",13048,0.950884727846227,0.9208202163968111
legacy_rich_valid_smiles_only,scaffold_group_4fold,weighted_top3_ensemble,completed,0.7161110393282839,0.7456846313823946,0.5323352189380036,2.0146918687378106,1.5185904502868652,0.5337575462495081,,,[],"[{'model': 'extratrees', 'spearman': 0.7090523622879411, 'weight': 0.3384295105934143}, {'model': 'randomforest', 'spearman': 0.7018039808262556, 'weight': 0.3349698781967163}, {'model': 'xgboost', 'spearman': 0.6842692275832918, 'weight': 0.326600581407547}]",13048,0.8642551605606142,0.8102553262078098
