variant,split,model,status,spearman,pearson,kendall,rmse,mae,r2,fold_spearman_mean,fold_spearman_std,folds,members,n_eval,sensitivity_auroc,sensitivity_auprc
legacy_rich_valid_smiles_only,drug_group_4fold,weighted_top3_ensemble,completed,0.6886517158135038,0.7472184310660028,0.5108981057357176,1.941479687289998,1.5053839683532715,0.552859848930633,,,[],"[{'model': 'randomforest', 'spearman': 0.6782297372664974, 'weight': 0.33834314346313477}, {'model': 'extratrees', 'spearman': 0.6666274230855264, 'weight': 0.3325551748275757}, {'model': 'lightgbm', 'spearman': 0.6597045754189449, 'weight': 0.3291016221046448}]",4759,0.8548847901877633,0.8050195971290484
legacy_rich_valid_smiles_only,random_4fold,weighted_top3_ensemble,completed,0.9052430530868688,0.9329860587585551,0.7435436190323126,1.0538061344675513,0.8114866018295288,0.8682655473538553,,,[],"[{'model': 'lightgbm', 'spearman': 0.9033566092849213, 'weight': 0.33511772751808167}, {'model': 'xgboost', 'spearman': 0.8993935273390365, 'weight': 0.3336475193500519}, {'model': 'flat_mlp', 'spearman': 0.8928893913780109, 'weight': 0.3312346935272217}]",4759,0.961508125057517,0.9358713721911702
legacy_rich_valid_smiles_only,scaffold_group_4fold,weighted_top3_ensemble,completed,0.6529549740564397,0.6877289074720412,0.47620802806611723,2.1359402146562854,1.6205083131790161,0.45880206427150183,,,[],"[{'model': 'randomforest', 'spearman': 0.6383673303958012, 'weight': 0.33990785479545593}, {'model': 'extratrees', 'spearman': 0.6267407369976762, 'weight': 0.33371710777282715}, {'model': 'xgboost', 'spearman': 0.6129518630321672, 'weight': 0.3263750374317169}]",4759,0.8298557502609742,0.7575574467975122
