variant,split,model,status,spearman,pearson,kendall,rmse,mae,r2,fold_spearman_mean,fold_spearman_std,folds,members,n_eval,sensitivity_auroc,sensitivity_auprc
legacy_rich_valid_smiles_only,drug_group_4fold,weighted_top3_ensemble,completed,0.5720137024018701,0.6192854937427289,0.40645913832237335,2.2716234448305377,1.7434874773025513,0.3816899914289771,,,[],"[{'model': 'randomforest', 'spearman': 0.5692271180728201, 'weight': 0.35070258378982544}, {'model': 'extratrees', 'spearman': 0.552758193240714, 'weight': 0.3405560553073883}, {'model': 'xgboost', 'spearman': 0.5011196235186129, 'weight': 0.30874136090278625}]",6259,0.7950757468773916,0.713099090496534
legacy_rich_valid_smiles_only,random_4fold,lightgbm,completed,0.9056052738008735,0.9321984972112061,0.742759664220944,1.0496729000674092,0.7831695675849915,0.8679794362532061,0.9058647491853667,0.0029172337777484,"[{'fold': 1, 'n_train': 4694, 'n_valid': 1565, 'spearman': 0.9054168993618096, 'pearson': 0.9322502699989422, 'kendall': 0.741986289703886, 'rmse': 1.0455865475093487, 'mae': 0.7872008681297302, 'r2': 0.8684066033673228}, {'fold': 2, 'n_train': 4694, 'n_valid': 1565, 'spearman': 0.9034515033913771, 'pearson': 0.9262965234875384, 'kendall': 0.7395208541205207, 'rmse': 1.0927049821645274, 'mae': 0.8063989877700806, 'r2': 0.8569464871175505}, {'fold': 3, 'n_train': 4694, 'n_valid': 1565, 'spearman': 0.9038367024195263, 'pearson': 0.9335868711717907, 'kendall': 0.7384740088685703, 'rmse': 1.0038104772341325, 'mae': 0.7554526925086975, 'r2': 0.870837088849264}, {'fold': 4, 'n_train': 4695, 'n_valid': 1564, 'spearman': 0.9107538915687547, 'pearson': 0.9369580438678868, 'kendall': 0.7531329335901461, 'rmse': 1.054688969363849, 'mae': 0.7836259007453918, 'r2': 0.8749069600329653}]",,6259,0.9579923356497637,0.9314535740458959
legacy_rich_valid_smiles_only,scaffold_group_4fold,weighted_top3_ensemble,completed,0.5765309659221564,0.5604250866287933,0.40339824386108314,2.433402799459581,1.815102219581604,0.2904849677620174,,,[],"[{'model': 'randomforest', 'spearman': 0.5595912486854857, 'weight': 0.3434981107711792}, {'model': 'extratrees', 'spearman': 0.5483973223856057, 'weight': 0.3366268575191498}, {'model': 'xgboost', 'spearman': 0.5211070142879428, 'weight': 0.3198750615119934}]",6259,0.7862564316029816,0.6885284464291966
