variant,split,model,status,spearman,pearson,kendall,rmse,mae,r2,fold_spearman_mean,fold_spearman_std,folds,members,n_eval,sensitivity_auroc,sensitivity_auprc
legacy_rich_valid_smiles_only,drug_group_4fold,weighted_top3_ensemble,completed,0.4988797633374033,0.5226007725810171,0.3527004126444784,2.5751110608492223,1.977622151374817,0.2712451169556336,,,[],"[{'model': 'extratrees', 'spearman': 0.48502738613203283, 'weight': 0.34358084201812744}, {'model': 'randomforest', 'spearman': 0.4836615972110273, 'weight': 0.3426133394241333}, {'model': 'flat_mlp', 'spearman': 0.44299450590456635, 'weight': 0.31380584836006165}]",4110,0.7382833436984726,0.6396656490397924
legacy_rich_valid_smiles_only,random_4fold,lightgbm,completed,0.9106518808763724,0.9348313583049278,0.7502176111172033,1.0750322070952638,0.8300041556358337,0.8729915693488073,0.911308328296614,0.0046431490819819,"[{'fold': 1, 'n_train': 3082, 'n_valid': 1028, 'spearman': 0.9033189371899041, 'pearson': 0.9321427736222029, 'kendall': 0.7405266039581923, 'rmse': 1.0855646385230229, 'mae': 0.8446323275566101, 'r2': 0.8675312857214859}, {'fold': 2, 'n_train': 3082, 'n_valid': 1028, 'spearman': 0.9148374296606855, 'pearson': 0.9397041845772526, 'kendall': 0.7560151779270816, 'rmse': 1.0303100579429243, 'mae': 0.799388587474823, 'r2': 0.8820234951316894}, {'fold': 3, 'n_train': 3083, 'n_valid': 1027, 'spearman': 0.9135791831300466, 'pearson': 0.9326267440137661, 'kendall': 0.7566585175608942, 'rmse': 1.0832565476030158, 'mae': 0.826808750629425, 'r2': 0.869378962515017}, {'fold': 4, 'n_train': 3083, 'n_valid': 1027, 'spearman': 0.9134977632058197, 'pearson': 0.935565054566338, 'kendall': 0.7532103936154791, 'rmse': 1.099733118713779, 'mae': 0.8492025136947632, 'r2': 0.8729176476671792}]",,4110,0.9614296629829507,0.9408368340952363
legacy_rich_all_drugs_zero_smiles,scaffold_group_4fold,weighted_top3_ensemble,completed,0.4633882549324007,0.4910623174601522,0.32332788831160547,2.3295908160138663,1.7772125005722046,0.23761399281689166,,,[],"[{'model': 'randomforest', 'spearman': 0.42896533454025804, 'weight': 0.34194695949554443}, {'model': 'xgboost', 'spearman': 0.4225081079056214, 'weight': 0.33679962158203125}, {'model': 'flat_mlp', 'spearman': 0.4030057159719609, 'weight': 0.3212534189224243}]",7513,0.7160787279270944,0.5407417859588728
